{
  "currentFrameRate": 57.6742,
  "devices": [],
  "gestures": [],
  "hands": [
    {
      "armBasis": [
        [
          0.837603,
          0.0401134,
          -0.544804
        ],
        [
          -0.015679,
          0.998655,
          0.0494245
        ],
        [
          0.546054,
          -0.0328561,
          0.837106
        ]
      ],
      "armWidth": 60.3279,
      "confidence": 0.622298,
      "direction": [
        -0.428992,
        0.441801,
        -0.787894
      ],
      "elbow": [
        180.994,
        206.639,
        243.751
      ],
      "grabStrength": 1,
      "id": 39,
      "palmNormal": [
        -0.175089,
        -0.896359,
        -0.407289
      ],
      "palmPosition": [
        12.3644,
        233.694,
        -8.84946
      ],
      "palmVelocity": [
        -0.141181,
        -0.566926,
        -0.769872
      ],
      "palmWidth": 86.1461,
      "pinchStrength": 0.37386,
      "r": [
        [
          0.879458,
          0.475524,
          0.0207416
        ],
        [
          -0.475971,
          0.878822,
          0.0335325
        ],
        [
          -0.00228268,
          -0.0393628,
          0.999222
        ]
      ],
      "s": 0.904818,
      "sphereCenter": [
        0.0892535,
        204.43,
        -36.1547
      ],
      "sphereRadius": 36.9343,
      "stabilizedPalmPosition": [
        15.0476,
        234.113,
        -9.62541
      ],
      "t": [
        -66.7031,
        -6.82062,
        -118.887
      ],
      "timeVisible": 6.53838,
      "type": "right",
      "wrist": [
        41.4084,
        215.038,
        29.7643
      ]
    }
  ],
  "id": 38260,
  "interactionBox": {
    "center": [
      0,
      200,
      0
    ],
    "size": [
      235.247,
      235.247,
      147.751
    ]
  },
  "pointables": [
    {
      "bases": [
        [
          [
            0.429489,
            0.902735,
            0.0246854
          ],
          [
            -0.467468,
            0.198851,
            0.861355
          ],
          [
            0.772666,
            -0.381482,
            0.507403
          ]
        ],
        [
          [
            0.18293,
            0.975042,
            -0.125818
          ],
          [
            -0.451674,
            0.197023,
            0.870156
          ],
          [
            0.873228,
            -0.10235,
            0.476443
          ]
        ],
        [
          [
            0.18293,
            0.975042,
            -0.125818
          ],
          [
            -0.765754,
            0.221574,
            0.60376
          ],
          [
            0.616569,
            -0.0141007,
            0.787175
          ]
        ],
        [
          [
            0.18293,
            0.975042,
            -0.125818
          ],
          [
            -0.957772,
            0.205624,
            0.200977
          ],
          [
            0.221832,
            0.0837399,
            0.971483
          ]
        ]
      ],
      "btipPosition": [
        -48.9977,
        206.886,
        -28.8342
      ],
      "carpPosition": [
        17.0896,
        203.449,
        40.6188
      ],
      "dipPosition": [
        -44.0825,
        208.741,
        -7.30836
      ],
      "direction": [
        -0.616569,
        0.0141007,
        -0.787175
      ],
      "extended": false,
      "handId": 39,
      "id": 390,
      "length": 49.3419,
      "mcpPosition": [
        17.0896,
        203.449,
        40.6188
      ],
      "pipPosition": [
        -24.1793,
        208.286,
        18.102
      ],
      "stabilizedTipPosition": [
        -45.1187,
        209.002,
        -25.566
      ],
      "timeVisible": 6.53838,
      "tipPosition": [
        -47.8836,
        207.095,
        -23.8454
      ],
      "tipVelocity": [
        -0.838395,
        -0.321274,
        -0.556351
      ],
      "tool": false,
      "touchDistance": -0.030983,
      "touchZone": "touching",
      "type": 0,
      "width": 19.172
    },
    {
      "bases": [
        [
          [
            0.801568,
            0.11043,
            -0.587617
          ],
          [
            0.0883465,
            0.950133,
            0.29907
          ],
          [
            0.59134,
            -0.291639,
            0.75184
          ]
        ],
        [
          [
            0.741629,
            0.137693,
            -0.656526
          ],
          [
            -0.641254,
            0.432834,
            -0.633599
          ],
          [
            0.196925,
            0.890896,
            0.409299
          ]
        ],
        [
          [
            0.741629,
            0.137693,
            -0.656526
          ],
          [
            -0.428584,
            -0.655645,
            -0.621647
          ],
          [
            -0.516045,
            0.742408,
            -0.427233
          ]
        ],
        [
          [
            0.741629,
            0.137693,
            -0.656526
          ],
          [
            -0.1214,
            -0.934996,
            -0.333233
          ],
          [
            -0.659733,
            0.326837,
            -0.676705
          ]
        ]
      ],
      "btipPosition": [
        -3.96602,
        186.599,
        -11.6435
      ],
      "carpPosition": [
        22.7518,
        224.799,
        36.6498
      ],
      "dipPosition": [
        -14.6379,
        191.886,
        -22.5899
      ],
      "direction": [
        0.516045,
        -0.742408,
        0.427233
      ],
      "extended": false,
      "handId": 39,
      "id": 391,
      "length": 55.6769,
      "mcpPosition": [
        -18.4369,
        245.113,
        -15.7182
      ],
      "pipPosition": [
        -26.4469,
        208.875,
        -32.3666
      ],
      "stabilizedTipPosition": [
        -6.40494,
        188.584,
        -13.9943
      ],
      "timeVisible": 6.53838,
      "tipPosition": [
        -6.54075,
        187.709,
        -14.0868
      ],
      "tipVelocity": [
        -1.65044,
        -0.112718,
        -0.0609842
      ],
      "tool": false,
      "touchDistance": 0.333333,
      "touchZone": "none",
      "type": 1,
      "width": 18.3131
    },
    {
      "bases": [
        [
          [
            0.847207,
            -0.0935906,
            -0.522955
          ],
          [
            0.235551,
            0.94849,
            0.211854
          ],
          [
            0.47619,
            -0.302667,
            0.825612
          ]
        ],
        [
          [
            0.834655,
            -0.0857607,
            -0.544055
          ],
          [
            -0.458598,
            0.438838,
            -0.772728
          ],
          [
            0.305022,
            0.894464,
            0.326949
          ]
        ],
        [
          [
            0.834655,
            -0.0857607,
            -0.544055
          ],
          [
            -0.458767,
            -0.65485,
            -0.600586
          ],
          [
            -0.304768,
            0.750877,
            -0.585918
          ]
        ],
        [
          [
            0.834655,
            -0.0857607,
            -0.544055
          ],
          [
            -0.254682,
            -0.935949,
            -0.243181
          ],
          [
            -0.488352,
            0.341533,
            -0.803036
          ]
        ]
      ],
      "btipPosition": [
        3.32834,
        180.649,
        -9.45745
      ],